name,median_altitude_km,median_delta_r_km,max_delta_r_km,median_delta_h_km,max_delta_h_km,median_delta_v_km_s,max_delta_v_km_s
CASSIOPE / Swarm-E,869.2009667154737,0.6466962764870053,1.852886125673326,0.1644485337100923,0.47874475917592646,0.00059236979164441,0.001711828519167449
Sentinel-1B,699.330577578145,1.0361061535534397,1.7604931442540028,0.07623425334598868,0.24953006231691688,0.0010313763355168136,0.0016661361932666752
Sentinel-1A,698.4023300280916,0.8222625267294662,3.918067689847315,0.10573097653314471,0.27220139271579685,0.0008648906516574505,0.00397535380547123
Swarm B,513.4012874911446,1.8449535613417047,2.6672097033382522,0.08690305490233004,0.2570236309003085,0.002054441696361383,0.0028059094252089745
Swarm C,480.20616573627575,2.869801276271275,7.955201666382047,0.11223896371293814,0.5104560770904645,0.0031625113262629145,0.008506251708303637
Swarm A,480.19545069063736,2.786818604161132,7.88410845111421,0.10439105611573905,0.5023872809354216,0.0030415315668848213,0.008429944626365331
